hepatwin_id,lookup_ms,ai_inference_ms,shap_ms,pbpk_ms,parallel_wall_ms,exposure_eval_ms,fusion_ms,total_ms,visual_color
HT0001,2111.38,22.17,5.12,12.26,15.11,0.02,0.01,2136.3,red
HT0001,0.03,33.02,8.86,18.45,33.28,0.02,0.01,33.87,red
HT0001,0.02,30.19,21.82,16.06,30.44,0.01,0.01,30.95,red
HT0030,343.85,12.47,4.45,0.37,12.69,0.01,0.01,357.04,red
HT0030,0.03,19.13,9.93,0.51,19.41,0.02,0.01,19.96,red
HT0030,0.02,14.6,8.02,0.52,14.78,0.01,0.01,15.28,red
HT0057,197.01,9.21,4.13,0.37,9.45,0.02,0.01,206.91,red
HT0057,0.03,10.99,4.6,0.48,11.22,0.02,0.01,11.76,red
HT0057,0.01,8.9,4.74,0.48,9.08,0.01,0.01,9.55,red
HT0083,205.05,48.78,35.64,0.37,49.07,0.02,0.01,254.55,red
HT0083,0.02,68.62,51.57,12.32,68.93,0.02,0.01,69.38,red
HT0083,0.02,75.6,51.58,1.5,75.9,0.02,0.01,76.47,red
HT0107,263.47,11.36,5.49,0.4,11.6,0.02,0.01,275.59,red
HT0107,0.03,18.47,8.39,0.51,18.76,0.02,0.01,19.34,red
HT0107,0.02,15.32,7.46,0.54,15.55,0.02,0.01,16.1,red
HT0131,151.4,12.57,6.5,0.52,12.82,0.02,0.01,164.78,red
HT0131,0.02,14.83,4.89,0.49,15.07,0.02,0.01,15.6,red
HT0131,0.02,10.85,5.72,0.5,11.05,0.01,0.01,11.54,red
HT0160,124.37,14.5,7.12,0.55,14.76,0.02,0.01,139.7,red
HT0160,0.02,14.51,7.47,0.52,14.74,0.02,0.01,15.3,red
HT0160,0.01,13.76,7.24,0.5,13.97,0.01,0.01,14.48,red
HT0186,127.83,12.06,6.09,0.51,12.33,0.02,0.01,140.72,red
HT0186,0.02,10.93,5.49,0.47,11.14,0.02,0.01,11.65,red
HT0186,0.01,11.46,6.03,0.52,11.66,0.01,0.01,12.16,red
HT0211,122.46,16.09,8.16,0.59,16.39,0.02,0.01,139.44,red
HT0211,0.03,15.85,8.03,0.55,16.1,0.02,0.01,16.7,red
HT0211,0.01,15.14,7.64,0.55,15.34,0.02,0.01,15.85,red
HT0236,135.7,12.42,6.18,0.51,12.71,0.02,0.01,149.02,red
HT0236,0.03,11.51,5.93,0.5,11.72,0.02,0.01,12.27,red
HT0236,0.02,11.25,5.78,0.51,11.43,0.01,0.01,11.94,red
HT0262,127.48,12.88,6.32,0.54,13.14,0.02,0.01,141.19,red
HT0262,0.02,12.29,6.0,0.52,12.54,0.02,0.01,13.1,red
HT0262,0.02,11.79,6.22,0.53,12.0,0.01,0.01,12.51,red
HT0288,123.07,24.0,12.87,0.61,24.26,0.02,0.01,147.89,red
HT0288,0.02,26.87,13.64,0.55,27.21,0.02,0.01,27.83,red
HT0288,0.02,24.23,12.65,0.58,24.48,0.02,0.01,25.1,red
HT0312,123.77,9.55,4.57,0.49,9.87,0.02,0.01,134.23,red
HT0312,0.03,9.14,4.52,0.53,9.43,0.02,0.01,10.03,red
HT0312,0.02,8.75,4.6,0.52,8.99,0.01,0.01,9.53,red
HT0343,128.87,12.77,6.59,0.5,13.08,0.02,0.01,142.6,red
HT0343,0.03,12.35,6.26,0.52,12.64,0.02,0.01,13.26,red
HT0343,0.02,13.53,8.04,0.55,13.77,0.02,0.01,14.35,red
HT0366,143.35,17.17,9.36,0.5,17.47,0.02,0.01,161.46,red
HT0366,0.02,20.92,10.48,0.54,21.21,0.02,0.01,21.78,red
HT0366,0.02,17.37,9.38,0.54,17.65,0.02,0.01,18.27,red
HT0390,128.13,12.53,6.29,0.55,12.83,0.03,0.01,141.58,red
HT0390,0.03,12.43,6.61,0.53,12.69,0.02,0.01,13.27,red
HT0390,0.02,12.28,6.72,0.51,12.5,0.02,0.01,13.02,red
HT0416,122.18,15.66,7.32,0.59,15.95,0.02,0.01,138.76,red
HT0416,0.02,14.95,7.06,0.56,15.16,0.02,0.01,15.72,red
HT0416,0.02,14.23,7.2,0.53,14.44,0.01,0.01,14.98,red
HT0440,127.47,23.08,14.43,0.66,23.4,0.02,0.01,151.49,red
HT0440,0.03,23.97,15.38,0.56,24.29,0.02,0.01,24.93,red
HT0440,0.02,22.24,13.38,0.52,22.46,0.02,0.01,23.03,red
HT0466,134.76,9.82,4.66,0.51,10.1,0.02,0.01,145.43,red
HT0466,0.02,9.62,5.0,0.56,9.83,0.01,0.01,10.39,red
HT0466,0.01,9.42,4.85,0.52,9.65,0.01,0.01,10.16,red
HT0493,121.49,13.19,6.7,0.55,13.42,0.02,0.01,135.48,red
HT0493,0.02,12.9,6.64,0.56,13.11,0.02,0.01,13.64,red
HT0493,0.01,12.47,6.29,0.5,12.67,0.01,0.01,13.18,red
HT0517,133.22,11.47,4.15,0.52,11.75,0.02,0.01,145.56,red
HT0517,0.02,10.51,5.21,0.51,10.74,0.02,0.01,11.28,red
HT0517,0.02,15.46,9.07,0.54,15.67,0.01,0.01,16.18,red
HT0542,127.44,19.14,8.8,0.71,19.42,0.02,0.01,147.46,red
HT0542,0.02,18.97,8.78,0.57,19.24,0.02,0.01,19.8,red
HT0542,0.02,15.07,7.63,0.52,15.27,0.01,0.01,15.83,red
HT0567,132.16,12.15,5.99,0.52,12.43,0.02,0.01,145.17,red
HT0567,0.03,11.76,5.53,0.59,12.04,0.02,0.01,12.63,red
HT0567,0.02,11.21,5.75,0.57,11.44,0.01,0.01,11.96,red
HT0598,125.9,14.24,7.57,0.56,14.53,0.02,0.01,141.05,red
HT0598,0.02,13.86,7.96,0.59,14.12,0.02,0.01,14.69,red
HT0598,0.02,14.82,8.02,0.56,15.05,0.02,0.01,15.65,red
HT0627,400.59,10.8,3.43,0.46,11.02,0.02,0.01,412.14,red
HT0627,0.03,14.92,6.72,0.52,15.19,0.02,0.01,15.77,red
HT0627,0.02,10.5,5.59,0.49,10.72,0.02,0.01,11.24,red
HT0674,131.26,12.5,6.52,0.51,12.79,0.02,0.01,144.67,red
HT0674,0.03,12.97,6.53,0.53,13.3,0.02,0.01,13.95,red
HT0674,0.02,13.19,6.84,0.54,13.43,0.02,0.01,13.99,red
HT0683,135.58,13.24,6.31,0.54,13.56,0.02,0.01,149.75,red
HT0683,0.03,14.11,6.56,0.54,14.37,0.02,0.01,14.96,red
HT0683,0.02,11.82,6.13,0.53,12.05,0.01,0.01,12.57,red
HT0706,122.34,12.66,6.39,0.54,12.94,0.02,0.01,135.86,red
HT0706,0.02,14.86,6.75,0.54,15.25,0.02,0.01,15.9,red
HT0706,0.02,15.17,7.96,0.56,15.42,0.02,0.01,16.08,red
HT0732,122.63,15.59,5.53,0.53,15.92,0.02,0.01,139.17,red
HT0732,0.03,15.37,8.0,0.55,15.62,0.02,0.01,16.22,red
HT0732,0.02,13.63,7.09,0.51,13.83,0.01,0.01,14.34,red
HT0756,124.16,10.91,5.37,0.51,11.18,0.02,0.01,135.92,red
HT0756,0.02,10.63,5.58,0.53,10.83,0.01,0.01,11.34,red
HT0756,0.01,10.7,5.79,0.56,10.91,0.01,0.01,11.41,red
HT0780,117.91,11.22,5.63,0.53,11.46,0.02,0.01,129.93,red
HT0780,0.04,11.59,5.82,0.56,11.87,0.02,0.01,12.53,red
HT0780,0.02,10.3,5.26,0.51,10.51,0.02,0.01,11.05,red
HT0805,119.89,12.28,5.96,0.52,12.58,0.02,0.01,133.1,red
HT0805,0.03,11.77,5.91,0.58,12.0,0.02,0.01,12.58,red
HT0805,0.01,11.46,5.94,0.53,11.71,0.02,0.01,12.26,red
HT0829,139.65,11.02,5.52,0.53,11.27,0.02,0.01,151.48,red
HT0829,0.02,11.56,5.51,0.52,11.78,0.01,0.01,12.3,red
HT0829,0.01,10.4,5.58,0.51,10.63,0.01,0.01,11.13,red
HT0853,129.74,12.37,6.29,0.61,12.63,0.02,0.01,142.94,red
HT0853,0.03,11.55,5.65,0.52,11.77,0.01,0.01,12.31,red
HT0853,0.01,10.75,5.48,0.53,10.94,0.01,0.01,11.43,red
HT0880,120.35,22.1,11.62,0.63,22.38,0.02,0.01,143.32,red
HT0880,0.02,21.53,10.53,0.61,21.78,0.02,0.01,22.34,red
HT0880,0.01,19.83,10.05,0.55,20.07,0.01,0.01,20.59,red
HT0907,147.89,12.41,6.1,0.55,12.69,0.02,0.01,161.16,red
HT0907,0.03,15.98,7.44,0.84,16.3,0.02,0.01,16.9,red
HT0907,0.02,11.6,6.13,0.54,11.81,0.01,0.01,12.33,red
HT0936,129.74,23.21,11.78,0.55,23.5,0.02,0.01,153.84,red
HT0936,0.03,25.23,12.72,0.54,25.52,0.02,0.01,26.13,red
HT0936,0.02,21.32,11.05,0.55,21.56,0.01,0.01,22.07,red
HT0969,127.17,14.9,7.54,0.59,15.17,0.02,0.01,142.92,red
HT0969,0.02,14.14,7.04,0.57,14.42,0.02,0.01,14.97,red
HT0969,0.02,13.81,7.02,0.52,14.05,0.02,0.01,14.61,red
HT0994,124.98,23.02,12.01,0.58,23.36,0.02,0.01,148.96,red
HT0994,0.03,24.52,11.98,0.45,24.82,0.02,0.01,25.43,red
HT0994,0.02,21.06,10.56,0.51,21.32,0.02,0.01,21.89,red
HT1022,133.95,11.74,5.56,0.53,12.04,0.02,0.01,146.58,red
HT1022,0.02,13.24,5.94,0.56,13.5,0.02,0.01,14.08,red
HT1022,0.02,10.8,5.72,0.49,11.04,0.02,0.01,11.61,red
HT1046,127.68,14.35,6.99,0.58,14.63,0.02,0.01,142.91,red
HT1046,0.03,13.72,7.03,0.56,13.95,0.02,0.01,14.5,red
HT1046,0.01,13.37,6.9,0.52,13.62,0.01,0.01,14.13,red
HT1072,125.58,19.95,10.84,0.62,20.26,0.02,0.01,146.48,red
HT1072,0.03,19.16,10.13,0.55,19.4,0.02,0.01,19.96,red
HT1072,0.02,17.79,9.63,0.5,18.0,0.01,0.01,18.54,red
HT1098,127.43,8.65,4.43,0.57,8.92,0.02,0.01,136.93,red
HT1098,0.03,8.15,4.27,0.99,8.38,0.02,0.01,8.95,red
HT1098,0.01,7.32,3.89,0.49,7.52,0.01,0.01,8.01,red
HT1128,121.48,12.84,6.46,0.56,13.1,0.02,0.01,135.2,red
HT1128,0.02,12.36,6.52,0.54,12.57,0.01,0.01,13.08,red
HT1128,0.02,11.99,6.25,0.56,12.21,0.02,0.01,12.74,red
HT1154,141.4,11.66,5.66,0.56,11.93,0.02,0.01,153.92,red
HT1154,0.03,12.85,6.14,0.54,13.18,0.02,0.01,13.8,red
HT1154,0.02,10.48,5.6,0.55,10.68,0.01,0.01,11.21,red
HT1177,142.28,15.79,7.94,0.59,16.12,0.02,0.01,159.07,red
HT1177,0.02,16.98,7.85,0.52,17.26,0.02,0.01,17.8,red
HT1177,0.02,14.38,7.69,0.58,14.62,0.02,0.01,15.19,red
HT1203,131.62,12.38,6.49,0.56,12.67,0.02,0.01,144.89,red
HT1203,0.03,11.83,5.96,0.54,12.07,0.02,0.01,12.68,red
HT1203,0.02,11.42,6.01,0.54,11.64,0.02,0.01,12.19,red
HT1230,143.32,15.87,8.07,0.59,16.28,0.02,0.01,160.26,red
HT1230,0.02,18.88,8.51,0.59,19.17,0.02,0.01,19.76,red
HT1230,0.02,15.36,7.65,0.57,15.62,0.02,0.01,16.24,red
HT1255,122.56,13.93,7.27,0.57,14.21,0.02,0.01,137.36,red
HT1255,0.03,14.35,7.13,0.57,14.63,0.02,0.01,15.27,red
HT1255,0.02,13.19,6.88,0.53,13.44,0.02,0.01,14.0,red
HT1278,127.3,15.86,5.27,0.59,16.15,0.02,0.01,144.06,red
HT1278,0.03,15.1,8.41,0.54,15.4,0.02,0.01,16.07,red
HT1278,0.03,15.5,8.58,0.54,15.75,0.02,0.01,16.38,red
