inchikey_block1,dilirank_name,dilirank_label,livertox_name,livertox_label,resolved_to
UZWDCWONPYILKI,Abemaciclib,1,Abemaciclib,0,"dilirank (menang, aturan konflik tetap)"
AFCGFAGUEYAMAO,Acamprosate calcium,1,Acamprosate,0,"dilirank (menang, aturan konflik tetap)"
STUWGJZDJHPWGZ,Alpelisib,1,Alpelisib,0,"dilirank (menang, aturan konflik tetap)"
NTJOBXMMWNYJFB,Amisulpride,1,Amisulpride,0,"dilirank (menang, aturan konflik tetap)"
KWTSXDURSIMDCE,Amphetamine sulfate,1,Dextroamphetamine,0,"dilirank (menang, aturan konflik tetap)"
SFOZKJGZNOBSHF,Auranofin,1,Auranofin,0,"dilirank (menang, aturan konflik tetap)"
HDWIHXWEUNVBIY,Bendroflumethiazide,1,Bendroflumethiazide,0,"dilirank (menang, aturan konflik tetap)"
YXKTVDFXDRQTKV,Benzphetamine hydrochloride,0,Benzphetamine,1,"dilirank (menang, aturan konflik tetap)"
XTNGUQKDFGDXSJ,Canagliflozin,1,Canagliflozin,0,"dilirank (menang, aturan konflik tetap)"
GAGWJHPBXLXJQN,Capecitabine,1,Capecitabine,0,"dilirank (menang, aturan konflik tetap)"
LIOLIMKSCNQPLV,Capmatinib hydrochloride,1,Capmatinib,0,"dilirank (menang, aturan konflik tetap)"
ZCCUWMICIWSJIX,Ceftaroline fosamil,1,Ceftaroline,0,"dilirank (menang, aturan konflik tetap)"
WIIZWVCIJKGZOK,Chloramphenicol,0,Chloramphenicol,1,"dilirank (menang, aturan konflik tetap)"
WFNAKBGANONZEQ,Chlorcyclizine hydrochloride,1,Chlorcyclizine,0,"dilirank (menang, aturan konflik tetap)"
PTOAARAWEBMLNO,Cladribine,1,Cladribine,0,"dilirank (menang, aturan konflik tetap)"
VNFPBHJOKIVQEB,Clotrimazole,1,Clotrimazole,0,"dilirank (menang, aturan konflik tetap)"
IMZMKUWMOSJXDT,Cromoglicate,1,Cromolyn,0,"dilirank (menang, aturan konflik tetap)"
JURKNVYFZMSNLP,Cyclobenzaprine hydrochloride,1,Cyclobenzaprine,0,"dilirank (menang, aturan konflik tetap)"
LVXJQMNHJWSHET,Dacomitinib,1,Dacomitinib,0,"dilirank (menang, aturan konflik tetap)"
UBQYURCVBFRUQT,Deferoxamine mesylate,1,Deferoxamine,0,"dilirank (menang, aturan konflik tetap)"
JAUOIFJMECXRGI,Desloratadine,1,Desloratadine,0,"dilirank (menang, aturan konflik tetap)"
KYYIDSXMWOZKMP,Desvenlafaxine succinate,1,Desvenlafaxine,0,"dilirank (menang, aturan konflik tetap)"
IXTMWRCNAAVVAI,Dofetilide,1,Dofetilide,0,"dilirank (menang, aturan konflik tetap)"
RUZYUOTYCVRMRZ,Doxazosin mesylate,1,Doxazosin,0,"dilirank (menang, aturan konflik tetap)"
SVOQIEJWJCQGDQ,Eltrombopag olamine,1,Eltrombopag,0,"dilirank (menang, aturan konflik tetap)"
JUKPWJGBANNWMW,Eplerenone,1,Eplerenone,0,"dilirank (menang, aturan konflik tetap)"
GBBSUAFBMRNDJC,Eszopiclone,1,Eszopiclone,0,"dilirank (menang, aturan konflik tetap)"
HKVAMNSJSFKALM,Everolimus,1,Everolimus,0,"dilirank (menang, aturan konflik tetap)"
RZTAMFZIAATZDJ,Felodipine,1,Felodipine,0,"dilirank (menang, aturan konflik tetap)"
DBEPLOCGEIEOCV,Finasteride,1,Finasteride,0,"dilirank (menang, aturan konflik tetap)"
SPIUTQOUKAMGCX,Flavoxate hydrochloride,1,Flavoxate,0,"dilirank (menang, aturan konflik tetap)"
KANJSNBRCNMZMV,Fondaparinux sodium,1,Fondaparinux,0,"dilirank (menang, aturan konflik tetap)"
SHGAZHPCJJPHSC,Isotretinoin,1,Tretinoin,0,"dilirank (menang, aturan konflik tetap)"
HMJIYCCIJYRONP,Isradipine,1,Isradipine,0,"dilirank (menang, aturan konflik tetap)"
YQEZLKZALYSWHR,Ketamine hydrochloride,1,Esketamine,0,"dilirank (menang, aturan konflik tetap)"
JTEGQNOMFQHVDC,Lamivudine,1,Lamivudine,0,"dilirank (menang, aturan konflik tetap)"
FWYSMLBETOMXAG,Letermovir,1,Letermovir,0,"dilirank (menang, aturan konflik tetap)"
GFIJNRVAKGFPGQ,Leuprolide acetate,1,Leuprolide,0,"dilirank (menang, aturan konflik tetap)"
XUIIKFGFIJCVMT,Levothyroxine sodium,1,Dextrothyroxine,0,"dilirank (menang, aturan konflik tetap)"
JGCMEBMXRHSZKX,Macitentan,1,Macitentan,0,"dilirank (menang, aturan konflik tetap)"
INWLQCZOYSRPNW,Mepivacaine hydrochloride,1,Mepivacaine,0,"dilirank (menang, aturan konflik tetap)"
IMWZZHHPURKASS,Metaxalone,1,Metaxalone,0,"dilirank (menang, aturan konflik tetap)"
MYWUZJCMWCOHBA,Methamphetamine hydrochloride,0,Methamphetamine,1,"dilirank (menang, aturan konflik tetap)"
YFGHCGITMMYXAQ,Modafinil,1,Armodafinil,0,"dilirank (menang, aturan konflik tetap)"
IXOXBSCIXZEQEQ,Nelarabine,1,Nelarabine,0,"dilirank (menang, aturan konflik tetap)"
FDLYAMZZIXQODN,Olaparib,1,Olaparib,0,"dilirank (menang, aturan konflik tetap)"
DUYJMQONPNNFPI,Osimertinib mesylate,1,Osimertinib,0,"dilirank (menang, aturan konflik tetap)"
XIQVNETUBQGFHX,Oxybutynin chloride,1,Oxybutynin,0,"dilirank (menang, aturan konflik tetap)"
BRUQQQPBMZOVGD,Oxycodone hydrochloride,1,Oxycodone,0,"dilirank (menang, aturan konflik tetap)"
PMXMIIMHBWHSKN,Paliperidone,1,Paliperidone,0,"dilirank (menang, aturan konflik tetap)"
RAGOYPUPXAKGKH,Posaconazole,1,Posaconazole,0,"dilirank (menang, aturan konflik tetap)"
OIGNJSKKLXVSLS,Prednisolone,1,Prednisolone,0,"dilirank (menang, aturan konflik tetap)"
XOFYZVNMUHMLCC,Prednisone,1,Prednisone,0,"dilirank (menang, aturan konflik tetap)"
PWWVAXIEGOYWEE,Promethazine hydrochloride,1,Promethazine,0,"dilirank (menang, aturan konflik tetap)"
RVOLLAQWKVFTGE,Pyridostigmine bromide,1,Pyridostigmine,0,"dilirank (menang, aturan konflik tetap)"
JSDRRTOADPPCHY,Quinapril hydrochloride,1,Quinapril,0,"dilirank (menang, aturan konflik tetap)"
CZFFBEXEKNGXKS,Raltegravir potassium,1,Raltegravir,0,"dilirank (menang, aturan konflik tetap)"
ZTVQQQVZCWLTDF,Remifentanil hydrochloride,1,Remifentanil,0,"dilirank (menang, aturan konflik tetap)"
IWUCXVSUMQZMFG,Ribavirin,1,Ribavirin,0,"dilirank (menang, aturan konflik tetap)"
ULFRLSNUDGIQQP,Rizatriptan benzoate,1,Rizatriptan,0,"dilirank (menang, aturan konflik tetap)"
QGJUIPDUBHWZPV,Saxagliptin hydrochloride,1,Saxagliptin,0,"dilirank (menang, aturan konflik tetap)"
TTZHDVOVKQGIBA,Sofosbuvir,0,Sofosbuvir,1,"dilirank (menang, aturan konflik tetap)"
ACTRVOBWPAIOHC,Succimer,1,Succimer,0,"dilirank (menang, aturan konflik tetap)"
RMMXLENWKUUMAY,Telmisartan,1,Telmisartan,0,"dilirank (menang, aturan konflik tetap)"
NRUKOCRGYNPUPR,Teniposide,1,Teniposide,0,"dilirank (menang, aturan konflik tetap)"
HJLSLZFTEKNLFI,Tinidazole,1,Tinidazole,0,"dilirank (menang, aturan konflik tetap)"
SUJUHGSWHZTSEU,Tipranavir,1,Tipranavir,0,"dilirank (menang, aturan konflik tetap)"
TVYLLZQTGLZFBW,Tramadol hydrochloride,1,Tramadol,0,"dilirank (menang, aturan konflik tetap)"
LIRYPHYGHXZJBZ,Trametinib dimethyl sulfoxide,1,Trametinib,0,"dilirank (menang, aturan konflik tetap)"
VXFJYXUZANRPDJ,Trandolapril,1,Trandolapril,0,"dilirank (menang, aturan konflik tetap)"
VXKHXGOKWPXYNA,Triptorelin pamoate,1,Triptorelin,0,"dilirank (menang, aturan konflik tetap)"
GPXBXXGIAQBQNI,Vemurafenib,1,Vemurafenib,0,"dilirank (menang, aturan konflik tetap)"
LQBVNQSMGBZMKD,Venetoclax,1,Venetoclax,0,"dilirank (menang, aturan konflik tetap)"
JXLYSJRDGCGARV,Vinblastine sulfate,1,Vinblastine,0,"dilirank (menang, aturan konflik tetap)"
YQNWZWMKLDQSAC,Vortioxetine hydrobromide,1,Vortioxetine,0,"dilirank (menang, aturan konflik tetap)"
RNOAOAWBMHREKO,Zanubrutinib,1,Zanubrutinib,0,"dilirank (menang, aturan konflik tetap)"
